"","ligand","receptor"
"1","A2m","Lrp1"
"2","Aanat","Mtnr1a"
"3","Aanat","Mtnr1b"
"4","Ace","Agtr2"
"5","Ace","Bdkrb2"
"6","Adam10","Axl"
"7","Adam10","Epha3"
"8","Adam12","Itga9"
"9","Adam12","Itgb1"
"10","Adam12","Sdc4"
"11","Adam15","Itga5"
"12","Adam15","Itga9"
"13","Adam15","Itgav"
"14","Adam15","Itgb1"
"15","Adam15","Itgb3"
"16","Adam17","Erbb4"
"17","Adam17","Itga5"
"18","Adam17","Itgb1"
"19","Adam17","Notch1"
"20","Adam23","Itga5"
"21","Adam23","Itgb3"
"22","Adam28","Itga4"
"23","Adam2","Cd9"
"24","Adam2","Itga6"
"25","Adam2","Itga9"
"26","Adam2","Itgb1"
"27","Adam2","Itgb7"
"28","Adam9","Itga3"
"29","Adam9","Itga6"
"30","Adam9","Itgav"
"31","Adam9","Itgb1"
"32","Adam9","Itgb5"
"33","Adcyap1","Adcyap1r1"
"34","Adcyap1","Sctr"
"35","Adcyap1","Vipr1"
"36","Adcyap1","Vipr2"
"37","Adipoq","Adipor1"
"38","Adipoq","Adipor2"
"39","Adm2","Calcr"
"40","Adm2","Calcrl"
"41","Adm2","Ramp1"
"42","Adm","Calcr"
"43","Adm","Calcrl"
"44","Adm","Gpr182"
"45","Adm","Mrgpra6"
"46","Adm","Ramp2"
"47","Agrn","Atp1a3"
"48","Agrn","Lrp4"
"49","Agrn","Musk"
"50","Agrp","Mc3r"
"51","Agrp","Mc4r"
"52","Agrp","Mc5r"
"53","Agrp","Sdc3"
"54","Agt","Agtr1b"
"55","Agt","Agtr2"
"56","Agt","Lrp2"
"57","Agt","Mas1"
"58","Ahsg","Insr"
"59","Alb","Lrp2"
"60","Amelx","Lamp1"
"62","Amh","Acvr1"
"63","Amh","Amhr2"
"64","Amh","Egfr"
"65","Angpt1","Itga5"
"66","Angpt1","Tek"
"67","Angpt1","Tie1"
"68","Angpt2","Tek"
"69","Angpt4","Tek"
"70","Angptl1","Tek"
"71","Angptl3","Itga5"
"72","Angptl3","Itgav"
"73","Angptl3","Itgb3"
"74","Anxa1","Dysf"
"75","Anxa1","Egfr"
"76","Anxa1","Fpr1"
"77","Anxa1","Fpr2"
"79","Apln","Aplnr"
"80","Apob","Ldlr"
"81","Apob","Lrp2"
"84","Apod","Lepr"
"85","Apoe","Ldlr"
"86","Apoe","Lrp1"
"87","Apoe","Lrp2"
"88","Apoe","Lrp5"
"89","Apoe","Lrp8"
"90","Apoe","Scarb1"
"91","Apoe","Sorl1"
"92","Apoe","Vldlr"
"93","App","Cav1"
"94","App","Cd74"
"95","App","Fpr2"
"96","App","Gpc1"
"97","App","Lrp1"
"98","App","Ncstn"
"99","App","Tnfrsf21"
"101","Areg","Egfr"
"102","Areg","Erbb3"
"103","Arf1","Chrm3"
"104","Arf1","Insr"
"105","Arf1","Pld2"
"106","Artn","Gfra1"
"107","Artn","Gfra3"
"108","Artn","Ret"
"109","a","Atrn"
"110","a","F11r"
"111","a","Mc1r"
"112","a","Mc2r"
"113","a","Mc3r"
"114","a","Mc4r"
"115","a","Mc5r"
"116","Avp","Avpr1a"
"117","Avp","Avpr1b"
"118","Avp","Avpr2"
"119","Avp","Oxtr"
"120","Azgp1","Itgav"
"123","B2m","Hfe"
"124","B2m","H2-Q5"
"125","B2m","Pira2"
"126","Bdnf","Ngfr"
"128","Bdnf","Ntrk2"
"129","Bdnf","Sort1"
"130","Bgn","Tlr2"
"131","Bgn","Tlr4"
"132","Bmp10","Acvr2a"
"133","Bmp10","Acvrl1"
"134","Bmp10","Bmpr1a"
"135","Bmp10","Bmpr1b"
"136","Bmp10","Bmpr2"
"137","Bmp10","Eng"
"138","Bmp15","Acvr2a"
"139","Bmp15","Bmpr1a"
"140","Bmp15","Bmpr1b"
"141","Bmp15","Bmpr2"
"142","Bmp2","Acvr1"
"143","Bmp2","Acvr2a"
"144","Bmp2","Acvr2b"
"145","Bmp2","Bmpr1a"
"146","Bmp2","Bmpr1b"
"147","Bmp2","Bmpr2"
"148","Bmp2","Eng"
"150","Bmp3","Acvr2b"
"151","Bmp4","Bmpr1a"
"152","Bmp4","Bmpr1b"
"153","Bmp4","Bmpr2"
"154","Bmp5","Bmpr1a"
"155","Bmp6","Acvr1"
"156","Bmp6","Acvr2a"
"157","Bmp6","Bmpr1a"
"158","Bmp6","Bmpr1b"
"159","Bmp6","Bmpr2"
"160","Bmp7","Acvr1"
"161","Bmp7","Acvr2a"
"162","Bmp7","Acvr2b"
"163","Bmp7","Bmpr1a"
"164","Bmp7","Bmpr1b"
"165","Bmp7","Bmpr2"
"166","Bmp7","Eng"
"167","Bst1","Cav1"
"168","Btc","Egfr"
"169","Btc","Erbb2"
"170","Btc","Erbb3"
"171","Btc","Erbb4"
"172","Btla","Cd79a"
"173","Btla","Tnfrsf14"
"174","Btla","Vtcn1"
"175","C1qa","Cd93"
"176","C1qa","Cr1l"
"177","C1qa","Cspg4"
"178","C1qb","Lrp1"
"179","C1qtnf1","Avpr2"
"180","C1qtnf5","Mfrp"
"181","C3","C3ar1"
"182","C3","C5ar2"
"183","C3","Cd19"
"184","C3","Cd46"
"185","C3","Cr1l"
"187","C3","Itgax"
"188","C3","Itgb2"
"189","C3","Lrp1"
"190","C4b","C3ar1"
"191","C4b","C5ar2"
"192","C4b","Cr1l"
"193","C4bp","Bmpr2"
"194","C4bp","Cd40"
"195","C4bp","Lrp1"
"196","C4b","Cd46"
"197","C4b","Cr1l"
"198","Hc","C5ar1"
"199","Hc","C5ar2"
"201","Calca","Calcr"
"202","Calca","Calcrl"
"203","Calca","Ramp1"
"204","Calca","Ramp2"
"205","Calcb","Calcr"
"206","Calcb","Calcrl"
"207","Calcb","Ramp1"
"208","Calr","Itga2b"
"209","Calr","Itga3"
"210","Calr","Itgav"
"211","Calr","Lrp1"
"212","Calr","Mtnr1a"
"213","Calr","Scarf1"
"214","Calr","Tshr"
"215","Camp","Fpr2"
"216","Cck","Cckar"
"217","Cck","Cckbr"
"218","Ccl11","Ackr2"
"219","Ccl11","Ackr4"
"220","Ccl11","Ccr2"
"221","Ccl11","Ccr3"
"222","Ccl11","Ccr5"
"223","Ccl11","Cxcr3"
"235","Ccl9","Ccr1"
"236","Ccl9","Ccr3"
"242","Ccl17","Ccr4"
"243","Ccl17","Ccr8"
"246","Ccl19","Ackr2"
"247","Ccl19","Ackr4"
"248","Ccl19","Ccr10"
"249","Ccl19","Ccr7"
"250","Ccl19","Ccrl2"
"251","Ccl19","Cxcr3"
"253","Ccl20","Ccr6"
"254","Ccl20","Cxcr3"
"255","Ccl21d","Ackr2"
"256","Ccl21d","Ackr4"
"257","Ccl21d","Ccr7"
"258","Ccl21d","Cxcr3"
"259","Ccl22","Ccr4"
"260","Ccl9","Ccr1"
"261","Ccl24","Ccr2"
"262","Ccl24","Ccr3"
"270","Ccl27a","Ackr2"
"271","Ccl27a","Ccr10"
"272","Ccl28","Ackr2"
"273","Ccl28","Ccr10"
"274","Ccl28","Ccr3"
"275","Ccl2","Ackr2"
"276","Ccl2","Ackr4"
"277","Ccl2","Ccr1"
"278","Ccl2","Ccr10"
"279","Ccl2","Ccr2"
"280","Ccl2","Ccr3"
"281","Ccl2","Ccr4"
"282","Ccl2","Ccr5"
"284","Ccl3","Ccr1"
"285","Ccl3","Ccr3"
"286","Ccl3","Ccr5"
"287","Ccl3","Ackr2"
"288","Ccl3","Ccr5"
"289","Ccl3","Ackr2"
"290","Ccl3","Ccr1"
"291","Ccl3","Ccr3"
"292","Ccl3","Ccr4"
"293","Ccl3","Ccr5"
"294","Ccl4","Ackr2"
"295","Ccl4","Ccr1"
"296","Ccl4","Ccr3"
"297","Ccl4","Ccr5"
"298","Ccl4","Ccr8"
"299","Ccl5","Ackr2"
"300","Ccl5","Ackr4"
"301","Ccl5","Ccr1"
"302","Ccl5","Ccr3"
"303","Ccl5","Ccr4"
"304","Ccl5","Ccr5"
"305","Ccl5","Cxcr3"
"307","Ccl5","Gpr75"
"308","Ccl5","Sdc1"
"309","Ccl5","Sdc4"
"310","Ccl12","Ackr2"
"311","Ccl12","Ackr4"
"312","Ccl12","Ccr1"
"313","Ccl12","Ccr10"
"314","Ccl12","Ccr2"
"315","Ccl12","Ccr3"
"316","Ccl12","Ccr5"
"317","Ccl12","Cxcr3"
"319","Ccl8","Ackr2"
"320","Ccl8","Ackr4"
"321","Ccl8","Ccr1"
"322","Ccl8","Ccr2"
"323","Ccl8","Ccr3"
"324","Ccl8","Ccr5"
"326","Cd14","Itga4"
"327","Cd14","Itgb1"
"329","Cd34","Sell"
"330","Cd40lg","Cd40"
"332","Cd55b","Cr1l"
"333","Cd5l","Cd5"
"334","Cd70","Cd27"
"335","Cdh1","Egfr"
"336","Cdh1","Igf1r"
"337","Cdh1","Itgae"
"338","Cdh1","Itgb7"
"339","Cdh1","Ptprf"
"340","Cdh1","Ptprm"
"341","Cel","Cxcr4"
"344","Cga","Fshr"
"345","Cga","Lhcgr"
"346","Cga","Tshr"
"348","Cgn","F11r"
"349","Chad","Itga2"
"350","Chad","Itgb1"
"351","Clcf1","Cntfr"
"352","Clcf1","Crlf1"
"353","Clcf1","Il6st"
"354","Clcf1","Lifr"
"355","Cntf","Cntfr"
"356","Cntf","Il6ra"
"357","Cntf","Il6st"
"358","Cntf","Lifr"
"359","Cntn2","Cntn1"
"360","Cntn2","Cntnap2"
"361","Cntn2","Nrcam"
"362","Cntn4","Ptprg"
"363","Col11a1","Ddr1"
"364","Col14a1","Cd44"
"365","Col18a1","Gpc1"
"366","Col18a1","Gpc4"
"367","Col18a1","Itga5"
"368","Col18a1","Itgb1"
"369","Col18a1","Kdr"
"370","Col1a1","Cd36"
"371","Col1a1","Cd44"
"372","Col1a1","Cd93"
"373","Col1a1","Ddr1"
"374","Col1a1","Ddr2"
"375","Col1a1","Itga11"
"376","Col1a1","Itga2"
"377","Col1a1","Itga5"
"378","Col1a1","Itgb1"
"379","Col1a1","Tmprss6"
"380","Col1a2","Cd36"
"381","Col1a2","Cd44"
"382","Col1a2","Cd93"
"383","Col1a2","Itga2"
"384","Col1a2","Itga2b"
"385","Col1a2","Itgb3"
"386","Col2a1","Ddr1"
"387","Col2a1","Itga10"
"388","Col2a1","Itga2"
"389","Col2a1","Itga2b"
"390","Col2a1","Itgb1"
"391","Col2a1","Mag"
"393","Col3a1","Ddr1"
"394","Col3a1","Ddr2"
"395","Col3a1","Mag"
"396","Col4a1","Cd93"
"397","Col4a1","Itga1"
"398","Col4a1","Itgav"
"399","Col4a1","Itgb1"
"400","Col4a1","Itgb8"
"401","Col4a2","Cd93"
"402","Col4a3","Cd47"
"403","Col4a3","Cd93"
"404","Col4a3","Itgav"
"405","Col4a4","Cd93"
"406","Col4a5","Cd93"
"407","Col4a6","Cd93"
"408","Col5a1","Sdc3"
"409","Col5a2","Ddr1"
"410","Col5a3","Sdc3"
"411","Col8a1","Itga1"
"412","Col8a1","Itga2"
"413","Col9a1","Mag"
"414","Col9a2","Mag"
"416","Colq","Musk"
"417","Cort","Ghsr"
"418","Cort","Mrgpra6"
"419","Cort","Sstr1"
"420","Cort","Sstr2"
"421","Cort","Sstr3"
"422","Cort","Sstr4"
"423","Cort","Sstr5"
"425","Cp","Slc40a1"
"426","Crh","Crhr1"
"427","Crh","Crhr2"
"428","Crh","Mc2r"
"430","Csf1","Csf1r"
"431","Csf2","Csf1r"
"432","Csf2","Csf2ra"
"433","Csf2","Csf2rb2"
"434","Csf2","Csf3r"
"436","Csf2","Sdc2"
"437","Csf3","Csf1r"
"438","Csf3","Csf3r"
"442","Ctf1","Il6st"
"443","Ctf1","Lifr"
"451","Cthrc1","Fzd3"
"452","Cthrc1","Fzd5"
"453","Cthrc1","Fzd6"
"454","Cubn","Lrp2"
"455","Cx3cl1","Cx3cr1"
"456","Cxcl10","Ccr3"
"457","Cxcl10","Cxcr3"
"458","Cxcl10","Sdc4"
"459","Cxcl11","Ackr3"
"460","Cxcl11","Ccr3"
"461","Cxcl11","Cxcr3"
"462","Cxcl12","Ackr3"
"463","Cxcl12","Cd4"
"464","Cxcl12","Cxcr3"
"465","Cxcl12","Cxcr4"
"466","Cxcl12","Itgb1"
"467","Cxcl13","Ackr4"
"468","Cxcl13","Ccr10"
"469","Cxcl13","Cxcr3"
"470","Cxcl13","Cxcr5"
"471","Cxcl16","Cxcr6"
"483","Cxcl5","Cxcr1"
"484","Cxcl5","Cxcr2"
"485","Cxcl9","Ccr3"
"486","Cxcl9","Cxcr3"
"493","Dcn","Egfr"
"494","Dcn","Erbb4"
"495","Dcn","Met"
"496","Defb14","Ccr6"
"497","Defb14","Ccr2"
"498","Defb14","Ccr6"
"503","Dhh","Boc"
"504","Dhh","Cdon"
"505","Dhh","Hhip"
"506","Dhh","Ptch1"
"507","Dhh","Ptch2"
"508","Dkk1","Kremen1"
"509","Dkk1","Kremen2"
"510","Dkk1","Lrp5"
"511","Dkk1","Lrp6"
"512","Dkk2","Kremen2"
"513","Dkk2","Lrp6"
"514","Dlk1","Notch1"
"515","Dlk2","Notch1"
"516","Dll1","Notch1"
"517","Dll1","Notch2"
"518","Dll1","Notch3"
"519","Dll4","Notch1"
"520","Dll4","Notch2"
"521","Dll4","Notch3"
"523","Ebi3","Il27ra"
"524","Eda","Eda2r"
"525","Eda","Edar"
"526","Edil3","Itgav"
"527","Edn1","Ednra"
"528","Edn1","Ednrb"
"529","Edn1","Kel"
"530","Edn2","Ednra"
"531","Edn2","Ednrb"
"532","Edn2","Kel"
"533","Edn3","Ednra"
"534","Edn3","Ednrb"
"535","Edn3","Kel"
"536","Efemp1","Egfr"
"537","Efemp2","Aqp1"
"538","Efemp2","Catsper1"
"539","Efemp2","Lingo1"
"540","Efemp2","Plscr4"
"541","Efna1","Epha1"
"542","Efna1","Epha2"
"543","Efna1","Epha3"
"544","Efna1","Epha4"
"545","Efna1","Epha5"
"546","Efna1","Epha6"
"547","Efna1","Epha7"
"548","Efna1","Epha8"
"549","Efna1","Ephb1"
"550","Efna2","Epha2"
"551","Efna2","Epha3"
"552","Efna2","Epha4"
"553","Efna2","Epha5"
"554","Efna2","Epha6"
"555","Efna2","Epha7"
"556","Efna2","Epha8"
"557","Efna3","Epha1"
"558","Efna3","Epha2"
"559","Efna3","Epha3"
"560","Efna3","Epha4"
"561","Efna3","Epha5"
"562","Efna3","Epha6"
"563","Efna3","Epha7"
"564","Efna3","Epha8"
"565","Efna3","Ephb1"
"566","Efna4","Epha2"
"567","Efna4","Epha3"
"568","Efna4","Epha4"
"569","Efna4","Epha5"
"570","Efna4","Epha6"
"571","Efna4","Epha7"
"572","Efna4","Epha8"
"573","Efna5","Epha2"
"574","Efna5","Epha3"
"575","Efna5","Epha4"
"576","Efna5","Epha5"
"577","Efna5","Epha6"
"578","Efna5","Epha7"
"579","Efna5","Epha8"
"580","Efna5","Ephb1"
"581","Efna5","Ephb2"
"582","Efna5","Ephb6"
"583","Efnb1","Ephb1"
"584","Efnb1","Ephb2"
"585","Efnb1","Ephb3"
"586","Efnb1","Ephb4"
"587","Efnb1","Ephb6"
"588","Efnb1","Erbb2"
"589","Efnb2","Epha3"
"590","Efnb2","Epha4"
"591","Efnb2","Epha6"
"592","Efnb2","Ephb1"
"593","Efnb2","Ephb2"
"594","Efnb2","Ephb3"
"595","Efnb2","Ephb4"
"596","Efnb2","Ephb6"
"597","Efnb2","Grm1"
"598","Efnb2","Grm5"
"599","Efnb2","Pecam1"
"600","Efnb2","Rhbdl2"
"601","Efnb3","Epha4"
"602","Efnb3","Ephb2"
"603","Efnb3","Ephb3"
"604","Efnb3","Ephb4"
"605","Efnb3","Rhbdl2"
"606","Egf","Egfr"
"607","Egf","Erbb2"
"608","Egf","Erbb3"
"609","Egf","Erbb4"
"610","Epgn","Egfr"
"611","Epo","Epor"
"612","Ereg","Egfr"
"613","Ereg","Erbb4"
"614","F10","F3"
"615","F11","Gp1ba"
"616","F12","Cd93"
"617","F12","Gp1ba"
"618","F13a1","Itga4"
"619","F13a1","Itga9"
"620","F13a1","Itgb1"
"621","F2","F2r"
"622","F2","F2rl1"
"623","F2","F2rl2"
"624","F2","F2rl3"
"625","F2","Gp1ba"
"626","F2","Gp9"
"627","F2","Itga2b"
"628","F2","Thbd"
"629","F7","F3"
"630","F8","Asgr2"
"631","F8","Ldlr"
"632","F8","Lrp1"
"633","F9","Lrp1"
"634","Fasl","Fas"
"636","Fat4","Dchs1"
"637","Fbln1","Itgb1"
"638","Fbln2","Itgb3"
"639","Fbn1","Itga5"
"640","Fbn1","Itgav"
"641","Fbn1","Itgb1"
"642","Fbn1","Itgb3"
"644","Fga","Cdh5"
"645","Fga","Itga2b"
"646","Fga","Itga5"
"648","Fga","Itgav"
"649","Fga","Itgax"
"650","Fga","Itgb1"
"651","Fga","Itgb2"
"652","Fga","Itgb3"
"653","Fgb","Itga2b"
"654","Fgb","Itga5"
"656","Fgb","Itgav"
"657","Fgb","Itgb1"
"658","Fgb","Itgb2"
"659","Fgf10","Fgfr2"
"662","Fgf16","Fgfr2"
"663","Fgf16","Fgfr3"
"664","Fgf16","Fgfr4"
"665","Fgf17","Fgfr1"
"666","Fgf17","Fgfr2"
"667","Fgf17","Fgfr3"
"668","Fgf17","Fgfr4"
"669","Fgf18","Fgfr1"
"670","Fgf18","Fgfr2"
"671","Fgf18","Fgfr3"
"672","Fgf18","Fgfr4"
"673","Fgf15","Fgfr1"
"674","Fgf15","Fgfr2"
"675","Fgf15","Fgfr3"
"676","Fgf15","Fgfr4"
"677","Fgf15","Klb"
"678","Fgf1","Fgfr1"
"679","Fgf1","Fgfr2"
"680","Fgf1","Fgfr3"
"681","Fgf1","Fgfr4"
"682","Fgf1","Nrp1"
"683","Fgf20","Fgfr4"
"684","Fgf21","Fgfr4"
"685","Fgf22","Fgfr2"
"686","Fgf23","Fgfr1"
"687","Fgf23","Fgfr2"
"688","Fgf23","Fgfr3"
"689","Fgf23","Fgfr4"
"690","Fgf23","Phex"
"691","Fgf2","Cd44"
"692","Fgf2","Fgfr1"
"693","Fgf2","Fgfr2"
"694","Fgf2","Fgfr3"
"695","Fgf2","Fgfr4"
"696","Fgf2","Fgfrl1"
"697","Fgf2","Gpc4"
"698","Fgf2","Nrp1"
"699","Fgf2","Sdc1"
"700","Fgf2","Sdc2"
"701","Fgf2","Sdc3"
"702","Fgf2","Sdc4"
"703","Fgf3","Fgfr1"
"704","Fgf3","Fgfr2"
"705","Fgf3","Fgfr3"
"706","Fgf3","Fgfr4"
"707","Fgf4","Fgfr1"
"708","Fgf4","Fgfr2"
"709","Fgf4","Fgfr3"
"710","Fgf4","Fgfr4"
"711","Fgf4","Nrp1"
"712","Fgf5","Fgfr1"
"713","Fgf5","Fgfr2"
"714","Fgf5","Fgfr3"
"715","Fgf5","Fgfr4"
"716","Fgf6","Fgfr1"
"717","Fgf6","Fgfr2"
"718","Fgf6","Fgfr3"
"719","Fgf6","Fgfr4"
"720","Fgf7","Fgfr1"
"721","Fgf7","Fgfr2"
"722","Fgf7","Fgfr3"
"723","Fgf7","Fgfr4"
"724","Fgf7","Nrp1"
"725","Fgf8","Fgfr1"
"726","Fgf8","Fgfr2"
"727","Fgf8","Fgfr3"
"728","Fgf8","Fgfr4"
"729","Fgf9","Fgfr1"
"730","Fgf9","Fgfr2"
"731","Fgf9","Fgfr3"
"732","Fgf9","Fgfr4"
"733","Fgg","Itga2b"
"734","Fgg","Itga5"
"735","Fgg","Itgav"
"736","Fgg","Itgb1"
"737","Fgg","Itgb2"
"738","Fgl1","Egfr"
"743","Flt3l","Flt3"
"744","Fn1","Cd44"
"745","Fn1","Col13a1"
"746","Fn1","Itga2"
"747","Fn1","Itga2b"
"748","Fn1","Itga3"
"749","Fn1","Itga4"
"750","Fn1","Itga5"
"751","Fn1","Itga8"
"752","Fn1","Itga9"
"753","Fn1","Itgav"
"754","Fn1","Itgb1"
"755","Fn1","Itgb3"
"756","Fn1","Itgb6"
"757","Fn1","Itgb7"
"758","Fn1","Itgb8"
"759","Fn1","Mag"
"760","Fn1","Nt5e"
"761","Fn1","Plaur"
"762","Fn1","Sdc2"
"763","Fn1","Tmprss6"
"764","Fn1","Tnfrsf11b"
"765","Fn1","Tshr"
"766","Fshb","Fshr"
"767","Galp","Galr1"
"768","Galp","Galr2"
"769","Galp","Galr3"
"770","Gal","Galr1"
"771","Gal","Galr2"
"772","Gal","Galr3"
"773","Gal","Gpr151"
"774","Gas6","Axl"
"775","Gas6","Mertk"
"776","Gas6","Tyro3"
"777","Gast","Cckbr"
"778","Gcg","Gcgr"
"779","Gcg","Glp1r"
"780","Gcg","Glp2r"
"781","Gdf11","Acvr1b"
"782","Gdf11","Acvr2a"
"783","Gdf11","Acvr2b"
"784","Gdf2","Acvr1"
"785","Gdf2","Acvr2a"
"786","Gdf2","Acvr2b"
"787","Gdf2","Acvrl1"
"788","Gdf2","Bmpr2"
"789","Gdf2","Eng"
"790","Gdf5","Acvr1"
"791","Gdf5","Acvr2a"
"792","Gdf5","Acvr2b"
"793","Gdf5","Bmpr1a"
"794","Gdf5","Bmpr1b"
"795","Gdf5","Bmpr2"
"796","Gdf5","Ror2"
"797","Gdf6","Bmpr1a"
"798","Gdf6","Bmpr1b"
"799","Gdf6","Bmpr2"
"800","Gdf7","Acvr2a"
"801","Gdf7","Bmpr1a"
"802","Gdf7","Bmpr2"
"803","Gdf9","Acvr2a"
"804","Gdf9","Bmpr1a"
"805","Gdf9","Bmpr1b"
"806","Gdf9","Bmpr2"
"807","Gdf9","Fxyd6"
"808","Gdf9","Orai2"
"809","Gdf9","Tgfbr1"
"810","Gdnf","Gfra1"
"811","Gdnf","Gfra2"
"812","Gdnf","Ret"
"813","Gh","Ghr"
"815","Gh","Ghr"
"816","Ghrh","Ghrhr"
"817","Ghrh","Vipr1"
"818","Ghrl","Ghrhr"
"819","Ghrl","Ghsr"
"820","Ghrl","Gpr39"
"822","Gip","Dpp4"
"823","Gip","Gipr"
"824","Gnai2","Adcy1"
"825","Gnai2","Adora1"
"826","Gnai2","Adra2a"
"827","Gnai2","Adra2b"
"828","Gnai2","Agtr2"
"829","Gnai2","C5ar1"
"830","Gnai2","Cav1"
"831","Gnai2","Ccr5"
"832","Gnai2","Chrm1"
"833","Gnai2","Cnr1"
"834","Gnai2","Cxcr1"
"835","Gnai2","Cxcr2"
"836","Gnai2","Drd2"
"837","Gnai2","Ednra"
"838","Gnai2","Egfr"
"839","Gnai2","F2r"
"840","Gnai2","Fpr1"
"841","Gnai2","Igf1r"
"842","Gnai2","Lhcgr"
"843","Gnai2","Lpar3"
"844","Gnai2","Mtnr1a"
"845","Gnai2","Mtnr1b"
"846","Gnai2","Oprd1"
"847","Gnai2","Oprm1"
"848","Gnai2","P2ry12"
"849","Gnai2","Ptpru"
"850","Gnai2","Tbxa2r"
"851","Gnai2","Tshr"
"852","Gnas","Adora1"
"853","Gnas","Adrb3"
"854","Gnas","Avpr2"
"855","Gnas","Crhr1"
"856","Gnas","Gcgr"
"857","Gnas","Htr6"
"858","Gnas","Lhcgr"
"859","Gnas","Ptgdr"
"860","Gnas","Ptgir"
"861","Gnas","Tshr"
"862","Gnas","Vipr1"
"863","Gnb3","Tgfbr1"
"864","Gnrh1","Gnrhr"
"866","Gpc3","Cd81"
"867","Gpc3","Igf1r"
"868","Gpha2","Tshr"
"869","Gpi1","Amfr"
"870","Grp","Brs3"
"871","Grp","Grpr"
"872","Grp","Nmbr"
"873","Gstp1","Traf2"
"874","Guca2a","Gucy2c"
"875","Guca2b","Gucy2c"
"876","Guca2b","Gucy2e"
"877","Gzmc","Chrm3"
"878","Gzmc","Igf2r"
"879","Has2","Cd44"
"880","Has2","Hmmr"
"881","Hbegf","Cd44"
"882","Hbegf","Cd82"
"883","Hbegf","Cd9"
"884","Hbegf","Egfr"
"885","Hbegf","Erbb2"
"886","Hbegf","Erbb4"
"887","Hcrt","Hcrtr1"
"888","Hcrt","Hcrtr2"
"889","Hcrt","Npffr2"
"891","Hgf","Cd44"
"892","Hgf","Met"
"893","Hgf","Sdc1"
"894","Hgf","Sdc2"
"895","Hgf","St14"
"896","H2-Q5","Aplp2"
"897","H2-Q5","Erbb2"
"898","H2-Q5","Kir3dl1"
"899","H2-Q5","Kir3dl1"
"900","H2-Q5","Pira2"
"901","H2-Q5","Pira2"
"902","H2-Q5","Canx"
"903","H2-Q5","Kir3dl1"
"904","H2-Q5","Klrd1"
"905","H2-Q5","Pira2"
"906","H2-Q5","Pira2"
"907","H2-Q5","Kir3dl1"
"908","H2-Q5","Kir3dl1"
"909","H2-Q5","Kir3dl1"
"911","H2-Q5","Pira2"
"912","H2-Q5","Pira2"
"913","H2-T24","Clec2m"
"914","H2-T24","Clec2m"
"915","H2-T24","Klrd1"
"916","H2-Q5","Kir3dl1"
"917","H2-Q5","Clec2m"
"918","H2-Q5","Klrd1"
"919","H2-Q5","Pira2"
"920","H2-Q5","Pira2"
"924","Hp","Itgb2"
"925","Hras","Agtr1b"
"926","Hras","Cav1"
"927","Hras","Grin2d"
"928","Hras","Insr"
"929","Hras","Tlr2"
"930","Hras","Tlr9"
"931","Hrg","Fcgr1"
"932","Hsp90aa1","Cftr"
"933","Hsp90aa1","Egfr"
"934","Hsp90aa1","Fgfr3"
"935","Hspg2","Col13a1"
"936","Hspg2","Itga2"
"937","Hspg2","Itgb1"
"938","Hspg2","Ptprs"
"939","Iapp","Calcr"
"940","Iapp","Ramp1"
"941","Iapp","Ramp2"
"942","Icam1","Egfr"
"943","Icam1","Il2ra"
"944","Icam1","Il2rg"
"945","Icam1","Itgal"
"947","Icam1","Itgax"
"948","Icam1","Itgb2"
"949","Icam2","Itgal"
"951","Icam2","Itgb2"
"956","Icam4","Itga2b"
"957","Icam4","Itga4"
"958","Icam4","Itgal"
"960","Icam4","Itgav"
"961","Icam4","Itgb1"
"962","Icam4","Itgb2"
"963","Icam4","Itgb3"
"964","Icam4","Rhag"
"965","Icam5","Itgal"
"966","Icam5","Itgb2"
"967","Ifna14","Ifnar1"
"968","Ifna14","Ifnar2"
"969","Ifna14","Ifnar1"
"970","Ifna14","Ifnar2"
"971","Ifna14","Ifnar1"
"972","Ifna14","Ifnar2"
"973","Ifna14","Ifnar1"
"974","Ifna14","Ifnar2"
"975","Ifna14","Ifnar1"
"976","Ifna14","Ifnar2"
"977","Ifna14","Ifnar1"
"978","Ifna14","Ifnar2"
"979","Ifna14","Ifnar1"
"980","Ifna14","Ifnar2"
"981","Ifna14","Ifnar1"
"982","Ifna14","Ifnar2"
"983","Ifna14","Ifnar1"
"984","Ifna14","Ifnar2"
"985","Ifna14","Ifnar1"
"986","Ifna14","Ifnar2"
"987","Ifna14","Ifnar1"
"988","Ifna14","Ifnar2"
"989","Ifna14","Ifnar1"
"990","Ifna14","Ifnar2"
"991","Ifna14","Ifnar1"
"992","Ifna14","Ifnar2"
"993","Ifnb1","Ifnar1"
"994","Ifnb1","Ifnar2"
"995","Ifng","Ifngr1"
"996","Ifng","Ifngr2"
"999","Ifnl2","Ifnlr1"
"1001","Ifnl2","Ifnlr1"
"1005","Igf1","Igf1r"
"1006","Igf2","Igf1r"
"1007","Igf2","Igf2r"
"1008","Igf2","Insr"
"1009","Igfbp4","Fzd8"
"1010","Igfbp4","Lrp6"
"1013","Igfl3","Igflr1"
"1014","Ihh","Boc"
"1015","Ihh","Cdon"
"1016","Ihh","Hhip"
"1017","Ihh","Ptch1"
"1018","Ihh","Ptch2"
"1019","Il10","Il10ra"
"1021","Il11","Il11ra1"
"1022","Il11","Il6st"
"1023","Il12a","Cd28"
"1024","Il12a","Il12rb1"
"1025","Il12a","Il12rb2"
"1029","Il13","Il13ra1"
"1030","Il13","Il13ra2"
"1031","Il13","Il2rg"
"1032","Il13","Il4ra"
"1033","Il15","Il15ra"
"1034","Il15","Il2ra"
"1035","Il15","Il2rb"
"1036","Il15","Il2rg"
"1037","Il16","Cd4"
"1038","Il16","Grin2c"
"1039","Il16","Grin2d"
"1040","Il16","Kcna3"
"1041","Il16","Kcnd1"
"1042","Il16","Kcnd2"
"1043","Il16","Kcnj10"
"1044","Il16","Kcnj15"
"1045","Il16","Kcnj4"
"1046","Il17a","Il17ra"
"1047","Il17a","Il17rc"
"1048","Il17b","Il17rb"
"1049","Il17f","Il17ra"
"1050","Il18","Il18r1"
"1051","Il18","Il18rap"
"1052","Il18","Il1rapl1"
"1053","Il18","Il1rl2"
"1054","Il19","Il20ra"
"1055","Il19","Il20rb"
"1056","Il1a","Il1r1"
"1057","Il1a","Il1r2"
"1058","Il1a","Il1rap"
"1059","Il1b","Adrb2"
"1060","Il1b","Il1r1"
"1061","Il1b","Il1r2"
"1062","Il1b","Il1rap"
"1063","Il1f10","Il1r1"
"1064","Il1rn","Il1r1"
"1065","Il1rn","Il1r2"
"1066","Il20","Il20ra"
"1067","Il20","Il20rb"
"1068","Il20","Il22ra1"
"1069","Il21","Il21r"
"1070","Il21","Il2rg"
"1071","Il22","Il10ra"
"1073","Il22","Il22ra1"
"1074","Il22","Il22ra2"
"1075","Il23a","Il12rb1"
"1076","Il23a","Il23r"
"1077","Il24","Il20ra"
"1078","Il24","Il20rb"
"1079","Il24","Il22ra1"
"1080","Il25","Il17rb"
"1081","Il27","Il27ra"
"1082","Il2","Cd53"
"1083","Il2","Il2ra"
"1084","Il2","Il2rb"
"1085","Il2","Il2rg"
"1086","Il2","Ngfr"
"1087","Il31","Il31ra"
"1088","Il31","Osmr"
"1089","Il34","Csf1r"
"1090","Il3","Csf2rb2"
"1092","Il4","Cd53"
"1093","Il4","Il13ra1"
"1094","Il4","Il13ra2"
"1095","Il4","Il2rg"
"1096","Il4","Il4ra"
"1097","Il5","Csf2rb2"
"1098","Il5","Il5ra"
"1099","Il6","Il6ra"
"1100","Il6","Il6st"
"1101","Il7","Il2rg"
"1102","Il7","Il7r"
"1108","Il9","Il2rg"
"1109","Il9","Il9r"
"1110","Inha","Acvr2a"
"1111","Inha","Tgfbr3"
"1112","Inhba","Acvr1"
"1113","Inhba","Acvr1b"
"1114","Inhba","Acvr2a"
"1115","Inhba","Acvr2b"
"1116","Inhba","Bambi"
"1117","Inhba","Eng"
"1118","Inhba","Tgfbr3"
"1119","Inhbb","Acvr1"
"1120","Inhbb","Acvr1b"
"1121","Inhbb","Acvr1c"
"1122","Inhbb","Acvr2a"
"1123","Inhbb","Acvr2b"
"1124","Inhbc","Acvr1"
"1125","Inhbc","Acvr1b"
"1126","Inhbc","Acvr2a"
"1127","Inhbc","Acvr2b"
"1130","Insl5","Rxfp4"
"1131","Ins2","Igf1r"
"1132","Ins2","Insr"
"1133","Ins2","Lrp2"
"1134","Itgb3bp","Itgb3"
"1135","Itgb3bp","Itgb5"
"1136","Itih2","Fcer1a"
"1137","Jag1","Notch1"
"1138","Jag1","Notch2"
"1139","Jag1","Notch3"
"1141","Jag2","Notch1"
"1142","Jag2","Notch2"
"1143","Jag2","Notch3"
"1148","Kitl","Epor"
"1149","Kitl","Kit"
"1151","Kng2","Bdkrb1"
"1152","Kng2","Bdkrb2"
"1153","Kng2","Cd93"
"1154","Kng2","Gp1ba"
"1155","Kng2","Gpr135"
"1156","Kng2","Itgb2"
"1157","Kng2","Plaur"
"1158","Kng2","Rxfp4"
"1159","2300003K06Rik","Aqp1"
"1160","2300003K06Rik","Catsper1"
"1161","2300003K06Rik","Cldn2"
"1162","2300003K06Rik","Cntfr"
"1163","2300003K06Rik","Lingo1"
"1164","2300003K06Rik","Pdgfrb"
"1165","2300003K06Rik","Plscr4"
"1166","L1cam","Cntn1"
"1167","L1cam","Egfr"
"1168","L1cam","Erbb2"
"1169","L1cam","Erbb3"
"1170","L1cam","Itga5"
"1171","L1cam","Itgav"
"1173","Lama1","Itga1"
"1174","Lama1","Itga2"
"1175","Lama1","Itga7"
"1176","Lama1","Itgb1"
"1177","Lama1","Itgb8"
"1178","Lama1","Nt5e"
"1180","Lama1","Tmprss6"
"1181","Lama2","Itga7"
"1182","Lama2","Itgb1"
"1184","Lama3","Sdc2"
"1185","Lama5","Bcam"
"1186","Lamb1","Itga6"
"1187","Lamb1","Itgb1"
"1189","Lamc2","Itga3"
"1190","Lamc2","Itga6"
"1191","Lamc2","Itgb1"
"1192","Lamc2","Itgb4"
"1194","Lcn2","Lrp2"
"1195","Lefty2","Acvr2b"
"1196","Lep","Lepr"
"1197","Lgals3bp","Itgb1"
"1199","Lif","Il6st"
"1200","Lif","Lifr"
"1201","Lin7c","Abca1"
"1202","Lin7c","Htr2c"
"1203","Lipc","Lrp1"
"1204","Liph","Lpar1"
"1205","Liph","Lpar2"
"1206","Liph","Lpar4"
"1208","Lpl","Gpihbp1"
"1209","Lpl","Lrp1"
"1210","Lpl","Lrp2"
"1211","Lpl","Sdc1"
"1212","Lpl","Vldlr"
"1213","Lrp1b","Plaur"
"1214","Lrpap1","Ldlr"
"1215","Lrpap1","Lrp1"
"1216","Lrpap1","Lrp2"
"1217","Lrpap1","Lrp8"
"1218","Lrpap1","Sorl1"
"1219","Lrpap1","Sort1"
"1220","Lrpap1","Vldlr"
"1221","Lta","Ltbr"
"1222","Lta","Tnfrsf14"
"1223","Lta","Tnfrsf1a"
"1224","Lta","Tnfrsf1b"
"1225","Ltbp1","Itgb5"
"1226","Ltbp3","Itgb5"
"1227","Ltb","Cd40"
"1228","Ltb","Ltbr"
"1229","Ltb","Tnfrsf1a"
"1230","Ltf","Lrp1"
"1231","Ltf","Lrp11"
"1232","Ly86","Cd180"
"1233","Madcam1","Cd44"
"1234","Madcam1","Itga4"
"1235","Madcam1","Itgb7"
"1236","Matn1","Itga1"
"1237","Matn1","Itgb1"
"1238","Mbl2","Calcr"
"1239","Mbl2","Cd93"
"1240","Mdk","Alk"
"1241","Mdk","Lrp1"
"1242","Mdk","Lrp2"
"1243","Mdk","Ptprz1"
"1244","Mdk","Sdc1"
"1245","Mdk","Sdc3"
"1246","Mdk","Sdc4"
"1247","Mdk","Tspan1"
"1248","Mepe","Phex"
"1249","Mfap2","Notch1"
"1250","Mfap5","Notch1"
"1251","Mfge8","Itgav"
"1252","Mfge8","Itgb3"
"1253","Mfge8","Pdgfrb"
"1254","Mfng","Notch1"
"1255","Mfng","Notch2"
"1269","Mmp12","Plaur"
"1270","Mmp13","Lrp1"
"1271","Mmp1b","Cd44"
"1272","Mmp1b","Itga2"
"1273","Mmp2","Sdc2"
"1274","Mmp7","Cd151"
"1275","Mmp7","Cd44"
"1276","Mmp7","Erbb4"
"1277","Mmp9","Cd44"
"1278","Mmp9","Ephb2"
"1279","Mmp9","Lrp1"
"1280","Mst1","Mst1r"
"1281","Mstn","Acvr2b"
"1284","Myoc","Fzd1"
"1285","Myoc","Fzd10"
"1286","Myoc","Fzd3"
"1287","Myoc","Fzd4"
"1288","Myoc","Fzd7"
"1289","Nampt","Insr"
"1290","Ncam1","Fgfr1"
"1291","Ncam1","Gfra1"
"1292","Ncam1","Robo1"
"1293","Ncam1","Robo3"
"1294","Ndp","Fzd4"
"1295","Ndp","Lgr4"
"1296","Ngf","Ngfr"
"1297","Ngf","Ntrk1"
"1298","Ngf","Sorcs3"
"1299","Ngf","Sort1"
"1300","Nid1","Col13a1"
"1301","Nid1","Itgav"
"1302","Nid1","Itgb3"
"1303","Nid1","Ptprf"
"1304","Nid2","Col13a1"
"1305","Nlgn1","Nrxn1"
"1306","Nlgn1","Nrxn2"
"1307","Nlgn1","Nrxn3"
"1308","Nlgn2","Nrxn1"
"1309","Nlgn2","Nrxn2"
"1310","Nlgn2","Nrxn3"
"1311","Nlgn3","Nrxn1"
"1312","Nlgn3","Nrxn2"
"1313","Nlgn3","Nrxn3"
"1314","Nmb","Brs3"
"1315","Nmb","Grpr"
"1316","Nmb","Nmbr"
"1317","Nms","Nmur1"
"1318","Nms","Nmur2"
"1319","Nmu","Nmur1"
"1320","Nmu","Nmur2"
"1321","Nodal","Acvr1b"
"1322","Nodal","Acvr1c"
"1323","Nodal","Acvr2a"
"1324","Nodal","Acvr2b"
"1326","Npb","Npbwr1"
"1329","Npff","Npffr2"
"1330","Npnt","Itga8"
"1331","Npnt","Itgb1"
"1332","Nppa","Npr1"
"1333","Nppa","Npr3"
"1334","Nppb","Npr1"
"1335","Nppb","Npr2"
"1336","Nppb","Npr3"
"1337","Nppc","Npr2"
"1338","Nppc","Npr3"
"1339","Nps","Npsr1"
"1341","Npvf","Npffr2"
"1342","Npw","Npbwr1"
"1344","Npy","Fap"
"1345","Npy","Mc4r"
"1346","Npy","Npffr2"
"1347","Npy","Npy1r"
"1348","Npy","Npy2r"
"1349","Npy","Npy4r"
"1350","Npy","Npy5r"
"1351","Npy","Prlhr"
"1352","Nrg1","Erbb2"
"1353","Nrg1","Erbb3"
"1354","Nrg1","Erbb4"
"1355","Nrg2","Erbb3"
"1356","Nrg2","Erbb4"
"1357","Nrg3","Erbb4"
"1358","Nrg4","Erbb4"
"1359","Nrtn","Gfra1"
"1360","Nrtn","Gfra2"
"1361","Nrtn","Ret"
"1362","Ntf3","Ngfr"
"1363","Ntf3","Ntrk1"
"1364","Ntf3","Ntrk2"
"1365","Ntf3","Ntrk3"
"1366","Ntf5","Ngfr"
"1368","Ntf5","Ntrk1"
"1369","Ntf5","Ntrk2"
"1370","Ntn1","Adora2b"
"1371","Ntn1","Dcc"
"1372","Ntn1","Neo1"
"1373","Ntn1","Unc5a"
"1374","Ntn1","Unc5b"
"1375","Ntn1","Unc5c"
"1376","Ntn1","Unc5d"
"1377","Ntn3","Cdon"
"1378","Ntn3","Neo1"
"1379","Ntn4","Dcc"
"1380","Ntn4","Unc5a"
"1381","Ntng1","Lrrc4c"
"1382","Ntng2","Lrrc4"
"1383","Nts","Ntsr1"
"1384","Nts","Ntsr2"
"1385","Nts","Sort1"
"1386","Nxph1","Nrxn1"
"1387","Nxph1","Nrxn2"
"1388","Nxph1","Nrxn3"
"1389","Nxph2","Nrxn1"
"1390","Nxph3","Nrxn1"
"1391","Nxph3","Nrxn2"
"1392","Nxph3","Nrxn3"
"1394","Olfm2","Robo2"
"1395","Omg","Lingo1"
"1396","Omg","Rtn4r"
"1397","Omg","Rtn4rl1"
"1398","Omg","Tnfrsf1b"
"1399","Orm3","Ccr5"
"1400","Osm","Il6st"
"1401","Osm","Lifr"
"1402","Osm","Osmr"
"1403","Ostn","Npr3"
"1404","Oxt","Avpr1a"
"1405","Oxt","Avpr1b"
"1406","Oxt","Avpr2"
"1407","Oxt","Oxtr"
"1408","Pcsk9","Vldlr"
"1409","Pdap1","Pdgfrb"
"1410","Pdgfa","Pdgfra"
"1411","Pdgfb","Art1"
"1412","Pdgfb","Lrp1"
"1413","Pdgfb","Pdgfra"
"1414","Pdgfb","Pdgfrb"
"1415","Pdgfc","Flt4"
"1416","Pdgfc","Kdr"
"1417","Pdgfc","Pdgfra"
"1418","Pdgfd","Pdgfrb"
"1419","Pdyn","Oprd1"
"1420","Pdyn","Oprk1"
"1421","Pdyn","Oprm1"
"1422","Penk","Mrgpra6"
"1423","Penk","Ogfr"
"1424","Penk","Oprd1"
"1425","Penk","Oprm1"
"1432","Pgf","Flt1"
"1433","Pgf","Nrp1"
"1434","Pgf","Nrp2"
"1435","Pigf","Flt1"
"1436","Pip","Cd4"
"1437","Pla2g10","Pla2r1"
"1438","Plat","Lrp1"
"1439","Plau","Igf2r"
"1440","Plau","Lrp1"
"1441","Plau","Lrp2"
"1442","Plau","Plaur"
"1443","Plau","St14"
"1444","Plg","F2r"
"1445","Plg","F2rl1"
"1446","Plg","F3"
"1447","Plg","Itga9"
"1448","Plg","Itgb1"
"1449","Plg","Plgrkt"
"1450","Pltp","Abca1"
"1451","Pmch","Mchr1"
"1453","Pnoc","Oprl1"
"1454","Podxl2","Sell"
"1455","Podxl","Sell"
"1456","Pomc","Mc1r"
"1457","Pomc","Mc2r"
"1458","Pomc","Mc3r"
"1459","Pomc","Mc4r"
"1460","Pomc","Mc5r"
"1461","Pomc","Oprd1"
"1462","Pomc","Oprk1"
"1463","Pomc","Oprm1"
"1464","Pon2","Htr2a"
"1465","Ppbp","Cxcr1"
"1466","Ppbp","Cxcr2"
"1467","Ppy","Npy4r"
"1468","Ppy","Npy5r"
"1469","Prlh","Prlhr"
"1475","Prok1","Prokr2"
"1477","Prok2","Prokr2"
"1478","Pros1","Axl"
"1479","Pros1","Tyro3"
"1480","Prss23","Tmem222"
"1482","Psap","Celsr1"
"1483","Psap","Gpr37"
"1484","Psap","Gpr37l1"
"1485","Psap","Lrp1"
"1486","Psen1","Ncstn"
"1487","Psen1","Notch1"
"1488","Psen1","Notch2"
"1489","Psen1","Notch3"
"1491","Pspn","Gfra1"
"1492","Pspn","Gfra4"
"1493","Pspn","Ret"
"1494","Ptdss1","Jmjd6"
"1495","Ptdss1","Scarb1"
"1496","Ptgs2","Cav1"
"1497","Ptgs2","Ptgdr2"
"1498","Pth2","Pth1r"
"1499","Pth2","Pth2r"
"1500","Pthlh","Prlhr"
"1501","Pthlh","Pth1r"
"1502","Pthlh","Pth2r"
"1503","Pth","Pth1r"
"1504","Pth","Pth2r"
"1505","Ptma","Vipr1"
"1506","Ptn","Alk"
"1507","Ptn","Cdh10"
"1508","Ptn","Plxnb2"
"1509","Ptn","Ptprb"
"1510","Ptn","Ptprs"
"1511","Ptn","Ptprz1"
"1512","Ptn","Sdc1"
"1513","Ptn","Sdc3"
"1514","Pyy","Fap"
"1515","Pyy","Npy1r"
"1516","Pyy","Npy2r"
"1517","Pyy","Npy4r"
"1518","Pyy","Npy5r"
"1519","Qrfp","P2ry14"
"1520","Qrfp","Qrfprl"
"1521","Raet1d","Klrk1"
"1522","Rarres2","Ccrl2"
"1523","Rarres2","Cmklr1"
"1524","Rarres2","Gpr1"
"1525","Rbp3","Notch1"
"1526","Rbp4","Stra6"
"1527","Reln","Itga3"
"1528","Reln","Itgb1"
"1529","Reln","Lrp8"
"1530","Reln","Vldlr"
"1531","Ren1","Atp6ap2"
"1532","Rgma","Neo1"
"1533","Rgmb","Neo1"
"1534","Rims1","Cacna1c"
"1535","Rims2","Abca1"
"1538","Rln1","Rxfp1"
"1539","Rln1","Rxfp2"
"1540","Rln3","Rxfp1"
"1541","Rln3","Rxfp2"
"1543","Rln3","Rxfp4"
"1544","Ear2","Tlr2"
"1545","Rph3a","Nrxn1"
"1546","Rps19","C5ar1"
"1547","Rspo1","Lgr4"
"1548","Rspo1","Lgr5"
"1549","Rspo1","Lgr6"
"1550","Rspo1","Lrp6"
"1551","Rspo1","Znrf3"
"1552","Rspo2","Lgr4"
"1553","Rspo2","Lgr5"
"1554","Rspo2","Lgr6"
"1555","Rspo3","Fzd8"
"1556","Rspo3","Lgr4"
"1557","Rspo3","Lgr5"
"1558","Rspo3","Lgr6"
"1559","Rspo3","Lrp6"
"1560","Rspo3","Sdc4"
"1561","Rspo4","Lgr4"
"1562","Rspo4","Lgr5"
"1563","Rspo4","Lgr6"
"1564","Rtn4","Cntnap1"
"1565","Rtn4","Lingo1"
"1566","Rtn4","Rtn4r"
"1567","Rtn4","Tnfrsf19"
"1568","S100a8","Tlr4"
"1569","S100a9","Tlr4"
"1570","Saa3","Fpr1"
"1571","Saa3","Fpr2"
"1572","Scgb1a1","Lmbr1l"
"1573","Scgb1a1","Lrp2"
"1574","Scgb3a1","Marco"
"1575","Scgb3a2","Marco"
"1576","Sct","Sctr"
"1577","Sct","Vipr1"
"1578","Sct","Vipr2"
"1579","Selplg","Sele"
"1580","Selplg","Sell"
"1581","Selplg","Selp"
"1582","Sema3a","Nrp1"
"1583","Sema3a","Nrp2"
"1584","Sema3a","Plxna1"
"1585","Sema3a","Plxna2"
"1586","Sema3a","Plxna4"
"1587","Sema3b","Nrp1"
"1588","Sema3b","Nrp2"
"1589","Sema3c","Nrp1"
"1590","Sema3c","Nrp2"
"1591","Sema3c","Plxnd1"
"1592","Sema3d","Nrp1"
"1593","Sema3e","Plxnd1"
"1594","Sema3f","Nrp1"
"1595","Sema3f","Nrp2"
"1596","Sema3f","Plxna3"
"1597","Sema3g","Nrp2"
"1598","Sema4a","Plxnd1"
"1599","Sema4b","Dcbld2"
"1600","Sema4c","Plxnb2"
"1601","Sema4d","Cd72"
"1602","Sema4d","Erbb2"
"1603","Sema4d","Met"
"1604","Sema4d","Plxnb1"
"1605","Sema4d","Plxnb2"
"1606","Sema4f","Nrp2"
"1607","Sema4g","Plxnb2"
"1608","Sema5a","Met"
"1609","Sema5a","Plxnb3"
"1610","Sema6a","Plxna2"
"1611","Sema6a","Plxna4"
"1612","Sema6d","Kdr"
"1613","Sema6d","Plxna1"
"1614","Sema6d","Trem2"
"1615","Sema6d","Tyrobp"
"1616","Sema7a","Itga1"
"1617","Sema7a","Itgb1"
"1618","Sema7a","Plxnc1"
"1620","Serpina7","Slc16a2"
"1621","Serpinc1","Lrp1"
"1622","Serpinc1","Sdc2"
"1623","Serpine1","Lrp1"
"1624","Serpine1","Lrp2"
"1625","Serpine2","Lrp1"
"1626","Serping1","Lrp1"
"1627","Serping1","Sele"
"1628","Serping1","Selp"
"1629","Sfrp1","Fzd2"
"1630","Sfrp1","Fzd6"
"1631","Sftpa1","Tlr2"
"1632","Sftpa1","Cd93"
"1633","Shank1","Abca1"
"1637","Shank1","Sstr2"
"1638","Shbg","Cd177"
"1639","Shbg","Cldn13"
"1640","Shbg","Slc37a1"
"1641","Shh","Boc"
"1642","Shh","Cdon"
"1643","Shh","Gpc5"
"1644","Shh","Hhip"
"1645","Shh","Lrp2"
"1646","Shh","Ptch1"
"1647","Shh","Ptch2"
"1648","Shh","Smo"
"1649","Slit1","Gpc1"
"1650","Slit1","Robo1"
"1651","Slit1","Sdc1"
"1652","Slit2","Gpc1"
"1653","Slit2","Robo1"
"1654","Slit2","Robo2"
"1655","Slit2","Robo4"
"1656","Slit2","Sdc1"
"1657","Slit3","Robo2"
"1658","Sorbs1","Insr"
"1659","Sost","Lrp5"
"1660","Sost","Lrp6"
"1661","Spink1","Egfr"
"1662","Spink1","Nrsn1"
"1663","Spint1","St14"
"1664","Spp1","Cd44"
"1665","Spp1","Itga4"
"1666","Spp1","Itga5"
"1667","Spp1","Itga9"
"1668","Spp1","Itgav"
"1669","Spp1","Itgb1"
"1670","Spp1","S1pr1"
"1671","Sst","Sstr1"
"1672","Sst","Sstr2"
"1673","Sst","Sstr3"
"1674","Sst","Sstr4"
"1675","Sst","Sstr5"
"1676","Sytl3","Nrxn1"
"1677","Tac1","Tacr1"
"1678","Tac1","Tacr2"
"1679","Tac1","Tacr3"
"1680","Tac2","Tacr1"
"1681","Tac2","Tacr2"
"1682","Tac2","Tacr3"
"1683","Tac4","Tacr1"
"1684","Tac4","Tacr2"
"1685","Tac4","Tacr3"
"1686","Tctn1","Tmem67"
"1687","Tdgf1","Acvr1b"
"1688","Tdgf1","Acvr1c"
"1689","Tdgf1","Acvr2a"
"1690","Tfpi","Lrp1"
"1691","Tfpi","Vldlr"
"1692","Trf","Tfr2"
"1693","Trf","Tfrc"
"1694","Tgfa","Egfr"
"1695","Tgfa","Erbb2"
"1696","Tgfa","Erbb4"
"1697","Tgfb1","Acvrl1"
"1698","Tgfb1","Eng"
"1699","Tgfb1","Itgav"
"1700","Tgfb1","Itgb6"
"1701","Tgfb1","Itgb8"
"1702","Tgfb1","Sdc2"
"1703","Tgfb1","Tgfbr1"
"1704","Tgfb1","Tgfbr2"
"1705","Tgfb1","Tgfbr3"
"1706","Tgfb2","Eng"
"1707","Tgfb2","Tgfbr1"
"1708","Tgfb2","Tgfbr2"
"1709","Tgfb2","Tgfbr3"
"1710","Tgfb3","Acvrl1"
"1711","Tgfb3","Eng"
"1712","Tgfb3","Tgfbr1"
"1713","Tgfb3","Tgfbr2"
"1714","Tgfb3","Tgfbr3"
"1716","Tgm2","Itgb1"
"1717","Tgm2","Itgb3"
"1718","Tgm2","Sdc4"
"1719","Tg","Asgr1"
"1720","Tg","Lrp2"
"1721","Thbs1","Cd36"
"1722","Thbs1","Cd47"
"1723","Thbs1","Itga2b"
"1724","Thbs1","Itga3"
"1725","Thbs1","Itga4"
"1726","Thbs1","Itga6"
"1727","Thbs1","Itgb1"
"1728","Thbs1","Itgb3"
"1729","Thbs1","Lrp1"
"1730","Thbs1","Lrp5"
"1731","Thbs1","Sdc1"
"1732","Thbs1","Tnfrsf11b"
"1733","Thbs2","Cd47"
"1734","Thbs2","Itga4"
"1735","Thbs2","Itga6"
"1736","Thbs2","Itgb1"
"1737","Thbs2","Notch3"
"1738","Thpo","Mpl"
"1739","Timp1","Cd63"
"1740","Timp2","Itga3"
"1741","Timp2","Itgb1"
"1742","Timp3","Agtr2"
"1743","Timp3","Kdr"
"1744","Tnc","Cntn1"
"1745","Tnc","Egfr"
"1746","Tnc","Itga5"
"1747","Tnc","Itga7"
"1748","Tnc","Itgb1"
"1749","Tnc","Ptprb"
"1751","Tnfsf10","Tnfrsf22"
"1752","Tnfsf10","Tnfrsf22"
"1753","Tnfsf10","Tnfrsf22"
"1754","Tnfsf10","Tnfrsf11b"
"1755","Tnfsf11","Tnfrsf11a"
"1756","Tnfsf11","Tnfrsf11b"
"1757","Tnfsf12","Tnfrsf12a"
"1758","Tnfsf12","Tnfrsf25"
"1759","Tnfsf13b","Tnfrsf13b"
"1760","Tnfsf13b","Tnfrsf13c"
"1761","Tnfsf13b","Tnfrsf17"
"1762","Tnfsf13","Fas"
"1763","Tnfsf13","Sdc2"
"1764","Tnfsf13","Tnfrsf11b"
"1765","Tnfsf13","Tnfrsf13b"
"1766","Tnfsf13","Tnfrsf14"
"1767","Tnfsf13","Tnfrsf17"
"1768","Tnfsf13","Tnfrsf1a"
"1769","Tnfsf14","Ltbr"
"1770","Tnfsf14","Tnfrsf14"
"1772","Tnfsf15","Tnfrsf25"
"1774","Tnfsf18","Tnfrsf18"
"1775","Tnfsf4","Tnfrsf4"
"1776","Tnfsf4","Traf2"
"1777","Tnfsf8","Tnfrsf8"
"1778","Tnfsf9","Tnfrsf9"
"1779","Tnfsf9","Traf2"
"1780","Tnf","Tnfrsf1a"
"1781","Tnf","Tnfrsf1b"
"1782","Tnf","Tnfrsf21"
"1783","Tnf","Traf2"
"1784","Trh","Trhr"
"1785","Tshb","Tshr"
"1786","Tslp","Il7r"
"1787","Ucn2","Crhr1"
"1788","Ucn2","Crhr2"
"1790","Ucn3","Crhr1"
"1791","Ucn3","Crhr2"
"1793","Ucn","Crhr1"
"1794","Ucn","Crhr2"
"1798","Vasp","Cxcr2"
"1799","Vcam1","Itga4"
"1800","Vcam1","Itgad"
"1801","Vcam1","Itgb1"
"1802","Vcam1","Itgb2"
"1803","Vcam1","Itgb7"
"1804","Vcan","Cd44"
"1805","Vcan","Egfr"
"1806","Vcan","Itga4"
"1807","Vcan","Itgb1"
"1808","Vcan","Selp"
"1809","Vcan","Tlr2"
"1810","Vegfa","Ephb2"
"1811","Vegfa","Flt1"
"1812","Vegfa","Gpc1"
"1813","Vegfa","Kdr"
"1814","Vegfa","Nrp1"
"1815","Vegfa","Nrp2"
"1816","Vegfb","Flt1"
"1817","Vegfb","Nrp1"
"1818","Vegfc","Flt4"
"1819","Vegfc","Kdr"
"1820","Vegfc","Nrp2"
"1821","Vegfc","Vipr2"
"1822","Vim","Cd44"
"1823","Vip","Adcyap1r1"
"1824","Vip","Sctr"
"1825","Vip","Vipr1"
"1826","Vip","Vipr2"
"1827","Vtn","Itga5"
"1828","Vtn","Itga8"
"1829","Vtn","Itgav"
"1830","Vtn","Itgb3"
"1831","Vtn","Itgb6"
"1832","Vtn","Itgb8"
"1833","Vtn","Plaur"
"1834","Vtn","Pvr"
"1835","Vtn","Tnfrsf11b"
"1836","Vwf","Gp1ba"
"1837","Vwf","Itga2b"
"1838","Vwf","Tnfrsf11b"
"1839","Wnt11","Fzd7"
"1840","Wnt1","Fzd3"
"1841","Wnt1","Fzd8"
"1842","Wnt1","Fzd9"
"1843","Wnt1","Lrp5"
"1844","Wnt1","Lrp6"
"1845","Wnt1","Ryk"
"1846","Wnt2","Fzd1"
"1847","Wnt2","Fzd5"
"1848","Wnt2","Fzd7"
"1849","Wnt2","Fzd8"
"1850","Wnt2","Fzd9"
"1851","Wnt3a","Apcdd1"
"1852","Wnt3a","Fzd1"
"1853","Wnt3a","Fzd2"
"1854","Wnt3a","Fzd5"
"1855","Wnt3a","Fzd6"
"1856","Wnt3a","Fzd7"
"1857","Wnt3a","Fzd8"
"1858","Wnt3a","Lrp1"
"1859","Wnt3a","Lrp6"
"1860","Wnt3a","Ryk"
"1861","Wnt3","Fzd1"
"1862","Wnt3","Fzd7"
"1863","Wnt3","Fzd8"
"1864","Wnt3","Lrp6"
"1865","Wnt3","Ryk"
"1866","Wnt4","Fzd2"
"1867","Wnt4","Fzd6"
"1868","Wnt5a","Fzd1"
"1869","Wnt5a","Fzd2"
"1870","Wnt5a","Fzd4"
"1871","Wnt5a","Fzd5"
"1872","Wnt5a","Fzd6"
"1873","Wnt5a","Fzd7"
"1874","Wnt5a","Fzd8"
"1875","Wnt5a","Lrp5"
"1876","Wnt5a","Mcam"
"1877","Wnt5a","Ror1"
"1878","Wnt5a","Ror2"
"1879","Wnt5a","Ryk"
"1880","Wnt7a","Fzd10"
"1881","Wnt7a","Fzd5"
"1882","Wnt7a","Fzd9"
"1883","Wnt7b","Fzd1"
"1884","Wnt7b","Fzd10"
"1885","Wnt7b","Lrp5"
"1886","Xcl1","Xcr1"
"1887","Xcl1","Xcr1"
"1888","Yars","Cxcr1"
"1889","Sbpl","Cxcr4"
"1890","Sbpl","Tlr2"
"1891","Sbpl","Tlr4"
"1892","Sbpl","Tlr5"
"1893","Sbpl","Tlr6"
"1894","Zp3","Mertk"
"127","Bdnf","Bex3"
"149","Bmp2","Hjv"
"244","Ccl17","Ackr1"
"245","Ccl3","Erg28"
"283","Ccl2","Ackr1"
"306","Ccl5","Ackr1"
"318","Ccl12","Ackr1"
"325","Ccl8","Ackr1"
"1367","Ntf5","Bex3"
"1634","Shank1","Adgrb2"
"1635","Shank1","Adgrl1"
"1636","Shank1","Adgrl2"
"1715","Tgm2","Adgrg1"
"3311","Cd55b","Adgre5"
"100","Areg","Egfr"
"444","Ccn2","Erbb4"
"445","Ccn2","Itga5"
"447","Ccn2","Itgb2"
"448","Ccn2","Lrp1"
"449","Ccn2","Lrp6"
"450","Ccn2","Ntrk1"
"487","Ccn1","Itga5"
"489","Ccn1","Itgav"
"490","Ccn1","Itgb2"
"491","Ccn1","Itgb3"
"492","Ccn1","Itgb5"
"739","Vegfd","Flt4"
"740","Vegfd","Itga9"
"741","Vegfd","Kdr"
"742","Vegfd","Nrp2"
"1257","Afdn","Epha7"
"1258","Afdn","Ephb2"
"1259","Afdn","Ephb3"
"1260","Afdn","Ephb6"
"1261","Afdn","F11r"
"1262","Afdn","Nrxn2"
"1263","Afdn","Nrxn3"
"1325","Ccn3","Notch1"
"1264","Afdn","Nectin1"
"1265","Afdn","Nectin2"
"1266","Afdn","Nectin3"
"1267","Afdn","Nectin4"
